{"noiseKey":{"private":{"type":"Buffer","data":"MHX7QG+xKDBX2aaa1limlBvYUIcj9a7uXk39LcNizEY="},"public":{"type":"Buffer","data":"+/nRhyorSukyNSCAXRwOPvYFc2D0yuPEbbWaRDcNiGo="}},"pairingEphemeralKeyPair":{"private":{"type":"Buffer","data":"+EBrDIOekarmByzx8JwdfNnyansPDOc/TOPDlsXPtGc="},"public":{"type":"Buffer","data":"oujkgSuFnOUToeC1gYS+xkU+hPsv7xfoqhtzO5XN3W4="}},"signedIdentityKey":{"private":{"type":"Buffer","data":"WAgKCxeJiSA3voArnoAumgJb8ofF8vGfJEll0FkF9EI="},"public":{"type":"Buffer","data":"Ju5uUyVnedOzr9dot2EiJltFtADETQBLGVSzbXi0Zyg="}},"signedPreKey":{"keyPair":{"private":{"type":"Buffer","data":"kGPXDefsNVujkONnANnROJT6PKVd6zlfVrMqw7eK8FU="},"public":{"type":"Buffer","data":"kdIWgFoqj5uk8qt8t/r7TmQMJ24HJD1nMTAO+eQsTEI="}},"signature":{"type":"Buffer","data":"eBlIAfs/l1yeqTC3uSFT/fAcdja87ueytOVNrqz+CQo2dqAnli6NvILLkq6gIIwNBjX5EIIvRymZa6NJlVBUiQ=="},"keyId":1},"registrationId":249,"advSecretKey":"QM0ReLKvMu+8+LzR6TZNYL+Jm7FFj+BGnMY97HzX9UQ=","processedHistoryMessages":[],"nextPreKeyId":1,"firstUnuploadedPreKeyId":1,"accountSyncCounter":0,"accountSettings":{"unarchiveChats":false},"registered":false,"pairingCode":"FSA3YFPA","me":{"id":"01122763406@s.whatsapp.net","name":"~"}}